,ResName,PDBName,charge,AmberType,UFFType,GmxName,freeze,layer
0,ALA,C,0.5973,C,C_R,C,-1,L
1,ALA,CA,0.0337,CT,C_3,CA,-1,L
2,ALA,CB,-0.1825,CT,C_3,CB,-1,L
3,ALA,H,0.2719,H,H_,H,-1,L
4,ALA,HA,0.0823,H1,H_,HA,-1,L
5,ALA,HB1,0.0603,HC,H_,HB1,-1,L
6,ALA,HB2,0.0603,HC,H_,HB2,-1,L
7,ALA,HB3,0.0603,HC,H_,HB3,-1,L
8,ALA,N,-0.4157,N,N_R,N,-1,L
9,ALA,O,-0.5679,O,O_R,O,-1,L
10,ARG,C,0.7341,C,C_R,C,-1,L
11,ARG,CA,-0.2637,CT,C_3,CA,-1,L
12,ARG,CB,-0.0007,CT,C_3,CB,-1,L
13,ARG,CD,0.0486,CT,C_3,CD,-1,L
14,ARG,CG,0.039,CT,C_3,CG,-1,L
15,ARG,CZ,0.8076,CA,C_R,CZ,-1,L
16,ARG,H,0.2747,H,H_,H,-1,L
17,ARG,HA,0.156,H1,H_,HA,-1,L
18,ARG,HB2,0.0327,HC,H_,HB1,-1,L
19,ARG,HB3,0.0327,HC,H_,HB2,-1,L
20,ARG,HD2,0.0687,H1,H_,HD1,-1,L
21,ARG,HD3,0.0687,H1,H_,HD2,-1,L
22,ARG,HE,0.3456,H,H_,HE,-1,L
23,ARG,HG2,0.0285,HC,H_,HG1,-1,L
24,ARG,HG3,0.0285,HC,H_,HG2,-1,L
25,ARG,HH11,0.4478,H,H_,HH11,-1,L
26,ARG,HH12,0.4478,H,H_,HH12,-1,L
27,ARG,HH21,0.4478,H,H_,HH21,-1,L
28,ARG,HH22,0.4478,H,H_,HH22,-1,L
29,ARG,N,-0.3479,N,N_R,N,-1,L
30,ARG,NE,-0.5295,N2,N_R,NE,-1,L
31,ARG,NH1,-0.8627,N2,N_R,NH1,-1,L
32,ARG,NH2,-0.8627,N2,N_R,NH2,-1,L
33,ARG,O,-0.5894,O,O_R,O,-1,L
34,ASN,C,0.5973,C,C_R,C,-1,L
35,ASN,CA,0.0143,CT,C_3,CA,-1,L
36,ASN,CB,-0.2041,CT,C_3,CB,-1,L
37,ASN,CG,0.713,C,C_R,CG,-1,L
38,ASN,H,0.2719,H,H_,H,-1,L
39,ASN,HA,0.1048,H1,H_,HA,-1,L
40,ASN,HB2,0.0797,HC,H_,HB1,-1,L
41,ASN,HB3,0.0797,HC,H_,HB2,-1,L
42,ASN,HD21,0.4196,H,H_,HD21,-1,L
43,ASN,HD22,0.4196,H,H_,HD22,-1,L
44,ASN,N,-0.4157,N,N_R,N,-1,L
45,ASN,ND2,-0.9191,N,N_R,ND2,-1,L
46,ASN,O,-0.5679,O,O_R,O,-1,L
47,ASN,OD1,-0.5931,O,O_R,OD1,-1,L
48,ASP,C,0.5366,C,C_R,C,-1,L
49,ASP,CA,0.0381,CT,C_3,CA,-1,L
50,ASP,CB,-0.0303,CT,C_3,CB,-1,L
51,ASP,CG,0.7994,C,C_R,CG,-1,L
52,ASP,H,0.2936,H,H_,H,-1,L
53,ASP,H1,0.1996,H,H_,H1,-1,L
54,ASP,H2,0.1996,H,H_,H2,-1,L
55,ASP,H3,0.1996,H,H_,H3,-1,L
56,ASP,HA,0.088,H1,H_,HA,-1,L
57,ASP,HB2,-0.0122,HC,H_,HB1,-1,L
58,ASP,HB3,-0.0122,HC,H_,HB2,-1,L
59,ASP,N,-0.5163,N,N_R,N,-1,L
60,ASP,O,-0.5819,O,O_R,O,-1,L
61,ASP,OD1,-0.8014,O2,O_R,OD1,-1,L
62,ASP,OD2,-0.8014,O2,O_R,OD2,-1,L
63,ASH,C,0.5973,C,C_R,C,-1,L
64,ASH,CA,0.0341,CT,C_3,CA,-1,L
65,ASH,CB,-0.0316,CT,C_3,CB,-1,L
66,ASH,CG,0.6462,C,C_R,CG,-1,L
67,ASH,H,0.2719,H,H_,H,-1,L
68,ASH,H1,0.1996,H,H_,H1,-1,L
69,ASH,H2,0.1996,H,H_,H2,-1,L
70,ASH,H3,0.1996,H,H_,H3,-1,L
71,ASH,HA,0.0864,H1,H_,HA,-1,L
72,ASH,HB2,0.0488,HC,H_,HB1,-1,L
73,ASH,HB3,0.0488,HC,H_,HB2,-1,L
74,ASH,N,-0.4157,N,N_R,N,-1,L
75,ASH,O,-0.5679,O,O_R,O,-1,L
76,ASH,OD1,-0.6376,O2,O_R,OD1,-1,L
77,ASH,OD2,-0.5554,O2,O_R,OD2,-1,L
78,ASH,HD2,0.4747,HO,H_,HD2,-1,L
79,CYS,C,0.5973,C,C_R,C,-1,L
80,CYS,CA,0.0213,CT,C_3,CA,-1,L
81,CYS,CB,-0.1231,CT,C_3,CB,-1,L
82,CYS,H,0.2719,H,H_,H,-1,L
83,CYS,HA,0.1124,H1,H_,HA,-1,L
84,CYS,HB2,0.1112,H1,H_,HB1,-1,L
85,CYS,HB3,0.1112,H1,H_,HB2,-1,L
86,CYS,HG,0.1933,HS,H_,HG,-1,L
87,CYS,N,-0.4157,N,N_R,N,-1,L
88,CYS,O,-0.5679,O,O_R,O,-1,L
89,CYS,SG,-0.3119,SH,S_3+2,SG,-1,L
90,CYX,C,0.5973,C,C_R,C,-1,L
91,CYX,CA,0.0429,CT,C_3,CA,-1,L
92,CYX,CB,-0.079,CT,C_3,CB,-1,L
93,CYX,H,0.2719,H,H_,H,-1,L
94,CYX,HA,0.0766,H1,H_,HA,-1,L
95,CYX,HB2,0.091,H1,H_,HB1,-1,L
96,CYX,HB3,0.091,H1,H_,HB2,-1,L
97,CYX,N,-0.4157,N,N_R,N,-1,L
98,CYX,O,-0.5679,O,O_R,O,-1,L
99,CYX,SG,-0.1081,SH,S_3+2,SG,-1,L
100,GLH,C,0.5973,C,C_R,C,-1,L
101,GLH,CA,0.0145,CT,C_3,CA,-1,L
102,GLH,CB,-0.0071,CT,C_3,CB,-1,L
103,GLH,CD,0.6801,C,C_R,CD,-1,L
104,GLH,CG,-0.0174,CT,C_3,CG,-1,L
105,GLH,H,0.2719,H,H_,H,-1,L
106,GLH,HA,0.0779,H1,H_,HA,-1,L
107,GLH,HB2,0.0256,HC,H_,HB1,-1,L
108,GLH,HB3,0.0256,HC,H_,HB2,-1,L
109,GLH,HE2,0.4641,HO,H_,HE2,-1,L
110,GLH,HG2,0.043,HC,H_,HG1,-1,L
111,GLH,HG3,0.043,HC,H_,HG2,-1,L
112,GLH,N,-0.4157,N,N_R,N,-1,L
113,GLH,O,-0.5679,O,O_R,O,-1,L
114,GLH,OE1,-0.6511,O2,O_R,OE1,-1,L
115,GLH,OE2,-0.5838,O2,O_R,OE2,-1,L
116,GLN,C,0.5973,C,C_R,C,-1,L
117,GLN,CA,-0.0031,CT,C_3,CA,-1,L
118,GLN,CB,-0.0036,CT,C_3,CB,-1,L
119,GLN,CD,0.6951,C,C_R,CD,-1,L
120,GLN,CG,-0.0645,CT,C_3,CG,-1,L
121,GLN,H,0.2719,H,H_,H,-1,L
122,GLN,HA,0.085,H1,H_,HA,-1,L
123,GLN,HB2,0.0171,HC,H_,HB1,-1,L
124,GLN,HB3,0.0171,HC,H_,HB2,-1,L
125,GLN,HE21,0.4251,H,H_,HE21,-1,L
126,GLN,HE22,0.4251,H,H_,HE22,-1,L
127,GLN,HG2,0.0352,HC,H_,HG1,-1,L
128,GLN,HG3,0.0352,HC,H_,HG2,-1,L
129,GLN,N,-0.4157,N,N_R,N,-1,L
130,GLN,NE2,-0.9407,N,N_R,NE2,-1,L
131,GLN,O,-0.5679,O,O_R,O,-1,L
132,GLN,OE1,-0.6086,O,O_R,OE1,-1,L
133,GLU,C,0.5366,C,C_R,C,-1,L
134,GLU,CA,0.0397,CT,C_3,CA,-1,L
135,GLU,CB,0.056,CT,C_3,CB,-1,L
136,GLU,CD,0.8054,C,C_R,CD,-1,L
137,GLU,CG,0.0136,CT,C_3,CG,-1,L
138,GLU,H,0.2936,H,H_,H,-1,L
139,GLU,HA,0.1105,H1,H_,HA,-1,L
140,GLU,HB2,-0.0173,HC,H_,HB1,-1,L
141,GLU,HB3,-0.0173,HC,H_,HB2,-1,L
142,GLU,HG2,-0.0425,HC,H_,HG1,-1,L
143,GLU,HG3,-0.0425,HC,H_,HG2,-1,L
144,GLU,N,-0.5163,N,N_R,N,-1,L
145,GLU,O,-0.5819,O,O_R,O,-1,L
146,GLU,OE1,-0.8188,O2,O_R,OE1,-1,L
147,GLU,OE2,-0.8188,O2,O_R,OE2,-1,L
148,GLY,C,0.5973,C,C_R,C,-1,L
149,GLY,CA,-0.0252,CT,C_3,CA,-1,L
150,GLY,H,0.2719,H,H_,H,-1,L
151,GLY,HA2,0.0698,H1,H_,HA1,-1,L
152,GLY,HA3,0.0698,H1,H_,HA2,-1,L
153,GLY,N,-0.4157,N,N_R,N,-1,L
154,GLY,O,-0.5679,O,O_R,O,-1,L
155,HID,C,0.5973,C,C_R,C,-1,L
156,HID,CA,0.0188,CT,C_3,CA,-1,L
157,HID,CB,-0.0462,CT,C_3,CB,-1,L
158,HID,CD2,0.1292,CV,C_R,CD2,-1,L
159,HID,CE1,0.2057,CR,C_R,CE1,-1,L
160,HID,CG,-0.0266,CC,C_R,CG,-1,L
161,HID,H,0.2719,H,H_,H,-1,L
162,HID,HA,0.0881,H1,H_,HA,-1,L
163,HID,HB2,0.0402,HC,H_,HB1,-1,L
164,HID,HB3,0.0402,HC,H_,HB2,-1,L
165,HID,HD1,0.3649,H,H_,HD1,-1,L
166,HID,HD2,0.1147,H4,H_,HD2,-1,L
167,HID,HE1,0.1392,H5,H_,HE1,-1,L
168,HID,N,-0.4157,N,N_R,N,-1,L
169,HID,ND1,-0.3811,NA,N_R,ND1,-1,L
170,HID,NE2,-0.5727,NB,N_R,NE2,-1,L
171,HID,O,-0.5679,O,O_R,O,-1,L
172,HIE,C,0.5973,C,C_R,C,-1,L
173,HIE,CA,-0.0581,CT,C_3,CA,-1,L
174,HIE,CB,-0.0074,CT,C_3,CB,-1,L
175,HIE,CD2,-0.2207,CW,C_R,CD2,-1,L
176,HIE,CE1,0.1635,CR,C_R,CE1,-1,L
177,HIE,CG,0.1868,CC,C_R,CG,-1,L
178,HIE,H,0.2719,H,H_,H,-1,L
179,HIE,HA,0.136,H1,H_,HA,-1,L
180,HIE,HB2,0.0367,HC,H_,HB1,-1,L
181,HIE,HB3,0.0367,HC,H_,HB2,-1,L
182,HIE,HD2,0.1862,H4,H_,HD2,-1,L
183,HIE,HE1,0.1435,H5,H_,HE1,-1,L
184,HIE,HE2,0.3339,H,H_,HE2,-1,L
185,HIE,N,-0.4157,N,N_R,N,-1,L
186,HIE,ND1,-0.5432,NB,N_R,ND1,-1,L
187,HIE,NE2,-0.2795,NA,N_R,NE2,-1,L
188,HIE,O,-0.5679,O,O_R,O,-1,L
189,HIP,C,0.7341,C,C_R,C,-1,L
190,HIP,CA,-0.1354,CT,C_3,CA,-1,L
191,HIP,CB,-0.0414,CT,C_3,CB,-1,L
192,HIP,CD2,-0.1141,CW,C_R,CD2,-1,L
193,HIP,CE1,-0.017,CR,C_R,CE1,-1,L
194,HIP,CG,-0.0012,CC,C_R,CG,-1,L
195,HIP,H,0.2747,H,H_,H,-1,L
196,HIP,HA,0.1212,H1,H_,HA,-1,L
197,HIP,HB2,0.081,HC,H_,HB1,-1,L
198,HIP,HB3,0.081,HC,H_,HB2,-1,L
199,HIP,HD1,0.3866,H,H_,HD1,-1,L
200,HIP,HD2,0.2317,H4,H_,HD2,-1,L
201,HIP,HE1,0.2681,H5,H_,HE1,-1,L
202,HIP,HE2,0.3911,H,H_,HE2,-1,L
203,HIP,N,-0.3479,N,N_R,N,-1,L
204,HIP,ND1,-0.1513,NA,N_R,ND1,-1,L
205,HIP,NE2,-0.1718,NA,N_R,NE2,-1,L
206,HIP,O,-0.5894,O,O_R,O,-1,L
207,HIS,C,0.7341,C,C_R,C,-1,L
208,HIS,CA,-0.1354,CT,C_3,CA,-1,L
209,HIS,CB,-0.0414,CT,C_3,CB,-1,L
210,HIS,CD2,-0.1141,CW,C_R,CD2,-1,L
211,HIS,CE1,-0.017,CR,C_R,CE1,-1,L
212,HIS,CG,-0.0012,CC,C_R,CG,-1,L
213,HIS,H,0.2747,H,H_,H,-1,L
214,HIS,HA,0.1212,H1,H_,HA,-1,L
215,HIS,HB2,0.081,HC,H_,HB1,-1,L
216,HIS,HB3,0.081,HC,H_,HB2,-1,L
217,HIS,HD1,0.3866,H,H_,HD1,-1,L
218,HIS,HD2,0.2317,H4,H_,HD2,-1,L
219,HIS,HE1,0.2681,H5,H_,HE1,-1,L
220,HIS,HE2,0.3911,H,H_,HE2,-1,L
221,HIS,N,-0.3479,N,N_R,N,-1,L
222,HIS,ND1,-0.1513,NA,N_R,ND1,-1,L
223,HIS,NE2,-0.1718,NB,N_R,NE2,-1,L
224,HIS,O,-0.5894,O,O_R,O,-1,L
225,ILE,C,0.5973,C,C_R,C,-1,L
226,ILE,CA,-0.0597,CT,C_3,CA,-1,L
227,ILE,CB,0.1303,CT,C_3,CB,-1,L
228,ILE,CD1,-0.066,CT,C_3,CD,-1,L
229,ILE,CG1,-0.043,CT,C_3,CG1,-1,L
230,ILE,CG2,-0.3204,CT,C_3,CG2,-1,L
231,ILE,H,0.2719,H,H_,H,-1,L
232,ILE,HA,0.0869,H1,H_,HA,-1,L
233,ILE,HB,0.0187,HC,H_,HB,-1,L
234,ILE,HD11,0.0186,HC,H_,HD1,-1,L
235,ILE,HD12,0.0186,HC,H_,HD2,-1,L
236,ILE,HD13,0.0186,HC,H_,HD3,-1,L
237,ILE,HG12,0.0236,HC,H_,HG11,-1,L
238,ILE,HG13,0.0236,HC,H_,HG12,-1,L
239,ILE,HG21,0.0882,HC,H_,HG21,-1,L
240,ILE,HG22,0.0882,HC,H_,HG22,-1,L
241,ILE,HG23,0.0882,HC,H_,HG23,-1,L
242,ILE,N,-0.4157,N,N_R,N,-1,L
243,ILE,O,-0.5679,O,O_R,O,-1,L
244,LEU,C,0.5973,C,C_R,C,-1,L
245,LEU,CA,-0.0518,CT,C_3,CA,-1,L
246,LEU,CB,-0.1102,CT,C_3,CB,-1,L
247,LEU,CD1,-0.4121,CT,C_3,CD1,-1,L
248,LEU,CD2,-0.4121,CT,C_3,CD2,-1,L
249,LEU,CG,0.3531,CT,C_3,CG,-1,L
250,LEU,H,0.2719,H,H_,H,-1,L
251,LEU,HA,0.0922,H1,H_,HA,-1,L
252,LEU,HB2,0.0457,HC,H_,HB1,-1,L
253,LEU,HB3,0.0457,HC,H_,HB2,-1,L
254,LEU,HD11,0.1,HC,H_,HD11,-1,L
255,LEU,HD12,0.1,HC,H_,HD12,-1,L
256,LEU,HD13,0.1,HC,H_,HD13,-1,L
257,LEU,HD21,0.1,HC,H_,HD21,-1,L
258,LEU,HD22,0.1,HC,H_,HD22,-1,L
259,LEU,HD23,0.1,HC,H_,HD23,-1,L
260,LEU,HG,-0.0361,HC,H_,HG,-1,L
261,LEU,N,-0.4157,N,N_R,N,-1,L
262,LEU,O,-0.5679,O,O_R,O,-1,L
263,LYS,C,0.7341,C,C_R,C,-1,L
264,LYS,CA,-0.24,CT,C_3,CA,-1,L
265,LYS,CB,-0.0094,CT,C_3,CB,-1,L
266,LYS,CD,-0.0479,CT,C_3,CD,-1,L
267,LYS,CE,-0.0143,CT,C_3,CE,-1,L
268,LYS,CG,0.0187,CT,C_3,CG,-1,L
269,LYS,H,0.2747,H,H_,H,-1,L
270,LYS,HA,0.1426,H1,H_,HA,-1,L
271,LYS,HB2,0.0362,HC,H_,HB1,-1,L
272,LYS,HB3,0.0362,HC,H_,HB2,-1,L
273,LYS,HD2,0.0621,HC,H_,HD1,-1,L
274,LYS,HD3,0.0621,HC,H_,HD2,-1,L
275,LYS,HE2,0.1135,HP,H_,HE1,-1,L
276,LYS,HE3,0.1135,HP,H_,HE2,-1,L
277,LYS,HG2,0.0103,HC,H_,HG1,-1,L
278,LYS,HG3,0.0103,HC,H_,HG2,-1,L
279,LYS,HZ1,0.34,H,H_,HZ1,-1,L
280,LYS,HZ2,0.34,H,H_,HZ2,-1,L
281,LYS,HZ3,0.34,H,H_,HZ3,-1,L
282,LYS,N,-0.3479,N,N_R,N,-1,L
283,LYS,NZ,-0.3854,N3,N_3,NZ,-1,L
284,LYS,O,-0.5894,O,O_R,O,-1,L
285,LYN,C,0.5973,C,C_R,C,-1,L
286,LYN,CA,-0.07206,CT,C_3,CA,-1,L
287,LYN,CB,-0.04845,CT,C_3,CB,-1,L
288,LYN,CD,-0.03768,CT,C_3,CD,-1,L
289,LYN,CE,0.32604,CT,C_3,CE,-1,L
290,LYN,CG,0.06612,CT,C_3,CG,-1,L
291,LYN,H,0.2719,H,H_,H,-1,L
292,LYN,HA,0.0994,H1,H_,HA,-1,L
293,LYN,HB2,0.034,HC,H_,HB1,-1,L
294,LYN,HB3,0.034,HC,H_,HB2,-1,L
295,LYN,HD2,0.01155,HC,H_,HD1,-1,L
296,LYN,HD3,0.01155,HC,H_,HD2,-1,L
297,LYN,HE2,-0.03358,HP,H_,HE1,-1,L
298,LYN,HE3,-0.03358,HP,H_,HE2,-1,L
299,LYN,HG2,0.01041,HC,H_,HG1,-1,L
300,LYN,HG3,0.01041,HC,H_,HG2,-1,L
301,LYN,HZ1,0.38604,H,H_,HZ1,-1,L
302,LYN,HZ2,0.38604,H,H_,HZ2,-1,L
303,LYN,N,-0.4157,N,N_R,N,-1,L
304,LYN,NZ,-1.03581,N3,N_3,NZ,-1,L
305,LYN,O,-0.5679,O,O_R,O,-1,L
306,MET,C,0.5973,C,C_R,C,-1,L
307,MET,CA,-0.0237,CT,C_3,CA,-1,L
308,MET,CB,0.0342,CT,C_3,CB,-1,L
309,MET,CE,-0.0536,CT,C_3,CE,-1,L
310,MET,CG,0.0018,CT,C_3,CG,-1,L
311,MET,H,0.2719,H,H_,H,-1,L
312,MET,HA,0.088,H1,H_,HA,-1,L
313,MET,HB2,0.0241,HC,H_,HB1,-1,L
314,MET,HB3,0.0241,HC,H_,HB2,-1,L
315,MET,HE1,0.0684,H1,H_,HE1,-1,L
316,MET,HE2,0.0684,H1,H_,HE2,-1,L
317,MET,HE3,0.0684,H1,H_,HE3,-1,L
318,MET,HG2,0.044,H1,H_,HG1,-1,L
319,MET,HG3,0.044,H1,H_,HG2,-1,L
320,MET,N,-0.4157,N,N_3,N,-1,L
321,MET,O,-0.5679,O,O_R,O,-1,L
322,MET,SD,-0.2737,S,S_3+2,SD,-1,L
323,PHE,C,0.5973,C,C_R,C,-1,L
324,PHE,CA,-0.0024,CT,C_3,CA,-1,L
325,PHE,CB,-0.0343,CT,C_3,CB,-1,L
326,PHE,CD1,-0.1256,CA,C_R,CD1,-1,L
327,PHE,CD2,-0.1256,CA,C_R,CD2,-1,L
328,PHE,CE1,-0.1704,CA,C_R,CE1,-1,L
329,PHE,CE2,-0.1704,CA,C_R,CE2,-1,L
330,PHE,CG,0.0118,CA,C_R,CG,-1,L
331,PHE,CZ,-0.1072,CA,C_R,CZ,-1,L
332,PHE,H,0.2719,H,H_,H,-1,L
333,PHE,HA,0.0978,H1,H_,HA,-1,L
334,PHE,HB2,0.0295,HC,H_,HB1,-1,L
335,PHE,HB3,0.0295,HC,H_,HB2,-1,L
336,PHE,HD1,0.133,HA,H_,HD1,-1,L
337,PHE,HD2,0.133,HA,H_,HD2,-1,L
338,PHE,HE1,0.143,HA,H_,HE1,-1,L
339,PHE,HE2,0.143,HA,H_,HE2,-1,L
340,PHE,HZ,0.1297,HA,H_,HZ,-1,L
341,PHE,N,-0.4157,N,N_R,N,-1,L
342,PHE,O,-0.5679,O,O_R,O,-1,L
343,PRO,C,0.5896,C,C_R,C,-1,L
344,PRO,CA,-0.0266,CT,C_3,CA,-1,L
345,PRO,CB,-0.007,CT,C_3,CB,-1,L
346,PRO,CD,0.0192,CT,C_3,CD,-1,L
347,PRO,CG,0.0189,CT,C_3,CG,-1,L
348,PRO,HA,0.0641,H1,H_,HA,-1,L
349,PRO,HB2,0.0253,HC,H_,HB1,-1,L
350,PRO,HB3,0.0253,HC,H_,HB2,-1,L
351,PRO,HD2,0.0391,H1,H_,HD1,-1,L
352,PRO,HD3,0.0391,H1,H_,HD2,-1,L
353,PRO,HG2,0.0213,HC,H_,HG1,-1,L
354,PRO,HG3,0.0213,HC,H_,HG2,-1,L
355,PRO,N,-0.2548,N,N_R,N,-1,L
356,PRO,O,-0.5748,O,O_R,O,-1,L
357,SER,C,0.5973,C,C_R,C,-1,L
358,SER,CA,-0.0249,CT,C_3,CA,-1,L
359,SER,CB,0.2117,CT,C_3,CB,-1,L
360,SER,H,0.2719,H,H_,H,-1,L
361,SER,HA,0.0843,H1,H_,HA,-1,L
362,SER,HB2,0.0352,H1,H_,HB1,-1,L
363,SER,HB3,0.0352,H1,H_,HB2,-1,L
364,SER,HG,0.4275,HO,H_,HG,-1,L
365,SER,N,-0.4157,N,N_R,N,-1,L
366,SER,O,-0.5679,O,O_R,O,-1,L
367,SER,OG,-0.6546,OH,O_3,OG,-1,L
368,THR,C,0.5973,C,C_R,C,-1,L
369,THR,CA,-0.0389,CT,C_3,CA,-1,L
370,THR,CB,0.3654,CT,C_3,CB,-1,L
371,THR,CG2,-0.2438,CT,C_3,CG2,-1,L
372,THR,H,0.2719,H,H_,H,-1,L
373,THR,HA,0.1007,H1,H_,HA,-1,L
374,THR,HB,0.0043,H1,H_,HB,-1,L
375,THR,HG1,0.4102,HO,H_,HG1,-1,L
376,THR,HG21,0.0642,HC,H_,HG21,-1,L
377,THR,HG22,0.0642,HC,H_,HG22,-1,L
378,THR,HG23,0.0642,HC,H_,HG23,-1,L
379,THR,N,-0.4157,N,N_R,N,-1,L
380,THR,O,-0.5679,O,O_R,O,-1,L
381,THR,OG1,-0.6761,OH,O_3,OG1,-1,L
382,TRP,C,0.5973,C,C_R,C,-1,L
383,TRP,CA,-0.0275,CT,C_3,CA,-1,L
384,TRP,CB,-0.005,CT,C_3,CB,-1,L
385,TRP,CD1,-0.1638,CW,C_R,CD1,-1,L
386,TRP,CD2,0.1243,CB,C_R,CD2,-1,L
387,TRP,CE2,0.138,CN,C_R,CE2,-1,L
388,TRP,CE3,-0.2387,CA,C_R,CE3,-1,L
389,TRP,CG,-0.1415,C*,C_R,CG,-1,L
390,TRP,CH2,-0.1134,CA,C_R,CH2,-1,L
391,TRP,CZ2,-0.2601,CA,C_R,CZ2,-1,L
392,TRP,CZ3,-0.1972,CA,C_R,CZ3,-1,L
393,TRP,H,0.2719,H,H_,H,-1,L
394,TRP,HA,0.1123,H1,H_,HA,-1,L
395,TRP,HB2,0.0339,HC,H_,HB1,-1,L
396,TRP,HB3,0.0339,HC,H_,HB2,-1,L
397,TRP,HD1,0.2062,H4,H_,HD1,-1,L
398,TRP,HE1,0.3412,H,H_,HE1,-1,L
399,TRP,HE3,0.17,HA,H_,HE3,-1,L
400,TRP,HH2,0.1417,HA,H_,HH2,-1,L
401,TRP,HZ2,0.1572,HA,H_,HZ2,-1,L
402,TRP,HZ3,0.1447,HA,H_,HZ3,-1,L
403,TRP,N,-0.4157,N,N_R,N,-1,L
404,TRP,NE1,-0.3418,NA,N_R,NE1,-1,L
405,TRP,O,-0.5679,O,O_R,O,-1,L
406,TYR,C,0.5973,C,C_R,C,-1,L
407,TYR,CA,-0.0014,CT,C_3,CA,-1,L
408,TYR,CB,-0.0152,CT,C_3,CB,-1,L
409,TYR,CD1,-0.1906,CA,C_R,CD1,-1,L
410,TYR,CD2,-0.1906,CA,C_R,CD2,-1,L
411,TYR,CE1,-0.2341,CA,C_R,CE1,-1,L
412,TYR,CE2,-0.2341,CA,C_R,CE2,-1,L
413,TYR,CG,-0.0011,CA,C_R,CG,-1,L
414,TYR,CZ,0.3226,C,C_R,CZ,-1,L
415,TYR,H,0.2719,H,H_,H,-1,L
416,TYR,HA,0.0876,H1,H_,HA,-1,L
417,TYR,HB2,0.0295,HC,H_,HB1,-1,L
418,TYR,HB3,0.0295,HC,H_,HB2,-1,L
419,TYR,HD1,0.1699,HA,H_,HD1,-1,L
420,TYR,HD2,0.1699,HA,H_,HD2,-1,L
421,TYR,HE1,0.1656,HA,H_,HE1,-1,L
422,TYR,HE2,0.1656,HA,H_,HE2,-1,L
423,TYR,HH,0.3992,HO,H_,HH,-1,L
424,TYR,N,-0.4157,N,N_R,N,-1,L
425,TYR,O,-0.5679,O,O_R,O,-1,L
426,TYR,OH,-0.5579,OH,O_R,OH,-1,L
427,VAL,C,0.5973,C,C_R,C,-1,L
428,VAL,CA,-0.0875,CT,C_3,CA,-1,L
429,VAL,CB,0.2985,CT,C_3,CB,-1,L
430,VAL,CG1,-0.3192,CT,C_3,CG1,-1,L
431,VAL,CG2,-0.3192,CT,C_3,CG2,-1,L
432,VAL,H,0.2719,H,H_,H,-1,L
433,VAL,HA,0.0969,H1,H_,HA,-1,L
434,VAL,HB,-0.0297,HC,H_,HB,-1,L
435,VAL,HG11,0.0791,HC,H_,HG11,-1,L
436,VAL,HG12,0.0791,HC,H_,HG12,-1,L
437,VAL,HG13,0.0791,HC,H_,HG13,-1,L
438,VAL,HG21,0.0791,HC,H_,HG21,-1,L
439,VAL,HG22,0.0791,HC,H_,HG22,-1,L
440,VAL,HG23,0.0791,HC,H_,HG23,-1,L
441,VAL,N,-0.4157,N,N_R,N,-1,L
442,VAL,O,-0.5679,O,O_R,O,-1,L
443,ALA,OXT,-0.8252,O,O_R,OXT,-1,L
444,ARG,OXT,-0.8252,O,O_R,OXT,-1,L
445,ASN,OXT,-0.8252,O,O_R,OXT,-1,L
446,ASH,OXT,-0.8252,O,O_R,OXT,-1,L
447,ASP,OXT,-0.8252,O,O_R,OXT,-1,L
448,CYS,OXT,-0.8252,O,O_R,OXT,-1,L
449,CYX,OXT,-0.8252,O,O_R,OXT,-1,L
450,GLN,OXT,-0.8252,O,O_R,OXT,-1,L
451,GLH,OXT,-0.8252,O,O_R,OXT,-1,L
452,GLU,OXT,-0.8252,O,O_R,OXT,-1,L
453,GLY,OXT,-0.8252,O,O_R,OXT,-1,L
454,ILE,OXT,-0.8252,O,O_R,OXT,-1,L
455,LEU,OXT,-0.8252,O,O_R,OXT,-1,L
456,LYN,OXT,-0.8252,O,O_R,OXT,-1,L
457,LYS,OXT,-0.8252,O,O_R,OXT,-1,L
458,MET,OXT,-0.8252,O,O_R,OXT,-1,L
459,PHE,OXT,-0.8252,O,O_R,OXT,-1,L
460,PRO,OXT,-0.8252,O,O_R,OXT,-1,L
461,SER,OXT,-0.8252,O,O_R,OXT,-1,L
462,THR,OXT,-0.8252,O,O_R,OXT,-1,L
463,TRP,OXT,-0.8252,O,O_R,OXT,-1,L
464,TYR,OXT,-0.8252,O,O_R,OXT,-1,L
465,VAL,OXT,-0.8252,O,O_R,OXT,-1,L
466,HID,OXT,-0.8252,O,O_R,OXT,-1,L
467,HIE,OXT,-0.8252,O,O_R,OXT,-1,L
468,HIP,OXT,-0.8252,O,O_R,OXT,-1,L
469,HIS,OXT,-0.8252,O,O_R,OXT,-1,L
470,ALA,H1,0.424,H1,H_,H1,-1,L
471,ARG,H1,0.4249,H1,H_,H1,-1,L
472,ASN,H1,0.424,H1,H_,H1,-1,L
473,ASH,H1,0.424,H1,H_,H1,-1,L
474,ASP,H1,0.4312,H1,H_,H1,-1,L
475,CYS,H1,0.424,H1,H_,H1,-1,L
476,CYX,H1,0.424,H1,H_,H1,-1,L
477,GLN,H1,0.424,H1,H_,H1,-1,L
478,GLH,H1,0.424,H1,H_,H1,-1,L
479,GLU,H1,0.4312,H1,H_,H1,-1,L
480,GLY,H1,0.424,H1,H_,H1,-1,L
481,ILE,H1,0.424,H1,H_,H1,-1,L
482,LEU,H1,0.424,H1,H_,H1,-1,L
483,LYN,H1,0.424,H1,H_,H1,-1,L
484,LYS,H1,0.4249,H1,H_,H1,-1,L
485,MET,H1,0.424,H1,H_,H1,-1,L
486,PHE,H1,0.424,H1,H_,H1,-1,L
487,SER,H1,0.424,H1,H_,H1,-1,L
488,THR,H1,0.424,H1,H_,H1,-1,L
489,TRP,H1,0.424,H1,H_,H1,-1,L
490,TYR,H1,0.424,H1,H_,H1,-1,L
491,VAL,H1,0.424,H1,H_,H1,-1,L
492,HID,H1,0.424,H1,H_,H1,-1,L
493,HIE,H1,0.424,H1,H_,H1,-1,L
494,HIP,H1,0.4249,H1,H_,H1,-1,L
495,HIS,H1,0.4249,H1,H_,H1,-1,L
496,ALA,H2,0.424,H1,H_,H2,-1,L
497,ARG,H2,0.4249,H1,H_,H2,-1,L
498,ASN,H2,0.424,H1,H_,H2,-1,L
499,ASH,H2,0.424,H1,H_,H2,-1,L
500,ASP,H2,0.4312,H1,H_,H2,-1,L
501,CYS,H2,0.424,H1,H_,H2,-1,L
502,CYX,H2,0.424,H1,H_,H2,-1,L
503,GLN,H2,0.424,H1,H_,H2,-1,L
504,GLH,H2,0.424,H1,H_,H2,-1,L
505,GLU,H2,0.4312,H1,H_,H2,-1,L
506,GLY,H2,0.424,H1,H_,H2,-1,L
507,ILE,H2,0.424,H1,H_,H2,-1,L
508,LEU,H2,0.424,H1,H_,H2,-1,L
509,LYN,H2,0.424,H1,H_,H2,-1,L
510,LYS,H2,0.4249,H1,H_,H2,-1,L
511,MET,H2,0.424,H1,H_,H2,-1,L
512,PHE,H2,0.424,H1,H_,H2,-1,L
513,SER,H2,0.424,H1,H_,H2,-1,L
514,THR,H2,0.424,H1,H_,H2,-1,L
515,TRP,H2,0.424,H1,H_,H2,-1,L
516,TYR,H2,0.424,H1,H_,H2,-1,L
517,VAL,H2,0.424,H1,H_,H2,-1,L
518,HID,H2,0.424,H1,H_,H2,-1,L
519,HIE,H2,0.424,H1,H_,H2,-1,L
520,HIP,H2,0.4249,H1,H_,H2,-1,L
521,HIS,H2,0.4249,H1,H_,H2,-1,L
522,ALA,H3,0.424,H1,H_,H3,-1,L
523,ARG,H3,0.4249,H1,H_,H3,-1,L
524,ASN,H3,0.424,H1,H_,H3,-1,L
525,ASH,H3,0.424,H1,H_,H3,-1,L
526,ASP,H3,0.4312,H1,H_,H3,-1,L
527,CYS,H3,0.424,H1,H_,H3,-1,L
528,CYX,H3,0.424,H1,H_,H3,-1,L
529,GLN,H3,0.424,H1,H_,H3,-1,L
530,GLH,H3,0.424,H1,H_,H3,-1,L
531,GLU,H3,0.4312,H1,H_,H3,-1,L
532,GLY,H3,0.424,H1,H_,H3,-1,L
533,ILE,H3,0.424,H1,H_,H3,-1,L
534,LEU,H3,0.424,H1,H_,H3,-1,L
535,LYN,H3,0.424,H1,H_,H3,-1,L
536,LYS,H3,0.4249,H1,H_,H3,-1,L
537,MET,H3,0.424,H1,H_,H3,-1,L
538,PHE,H3,0.424,H1,H_,H3,-1,L
539,SER,H3,0.424,H1,H_,H3,-1,L
540,THR,H3,0.424,H1,H_,H3,-1,L
541,TRP,H3,0.424,H1,H_,H3,-1,L
542,TYR,H3,0.424,H1,H_,H3,-1,L
543,VAL,H3,0.424,H1,H_,H3,-1,L
544,HID,H3,0.424,H1,H_,H3,-1,L
545,HIE,H3,0.424,H1,H_,H3,-1,L
546,HIP,H3,0.4249,H1,H_,H3,-1,L
547,HIS,H3,0.4249,H1,H_,H3,-1,L
548,PRO,H2,0.5,H1,H_,H2,-1,L
549,PRO,H3,0.5,H1,H_,H3,-1,L
550,ARG,HB1,0.0327,HC,H_,HB1,-1,L
551,ARG,HD1,0.0687,H1,H_,HD1,-1,L
552,ARG,HG1,0.0285,HC,H_,HG1,-1,L
553,ASN,HB1,0.0797,HC,H_,HB1,-1,L
554,ASP,HB1,-0.0122,HC,H_,HB1,-1,L
555,ASH,HB1,0.0488,HC,H_,HB1,-1,L
556,CYS,HB1,0.1112,H1,H_,HB1,-1,L
557,CYX,HB1,0.1112,H1,H_,HB1,-1,L
558,GLH,HB1,0.0256,HC,H_,HB1,-1,L
559,GLH,HG1,0.043,HC,H_,HG1,-1,L
560,GLN,HB1,0.0171,HC,H_,HB1,-1,L
561,GLN,HG1,0.0352,HC,H_,HG1,-1,L
562,GLU,HB1,-0.0173,HC,H_,HB1,-1,L
563,GLU,HG1,-0.0425,HC,H_,HG1,-1,L
564,GLY,HA1,0.0698,H1,H_,HA1,-1,L
565,HID,HB1,0.0402,HC,H_,HB1,-1,L
566,HIE,HB1,0.0367,HC,H_,HB1,-1,L
567,HIP,HB1,0.081,HC,H_,HB1,-1,L
568,HIS,HB1,0.081,HC,H_,HB1,-1,L
569,ILE,HG11,0.0236,HC,H_,HG11,-1,L
570,LEU,HB1,0.0457,HC,H_,HB1,-1,L
571,LYS,HB1,0.0362,HC,H_,HB1,-1,L
572,LYS,HD1,0.0621,HC,H_,HD1,-1,L
573,LYS,HE1,0.1135,HP,H_,HE1,-1,L
574,LYS,HG1,0.0103,HC,H_,HG1,-1,L
575,LYN,HB1,0.034,HC,H_,HB1,-1,L
576,LYN,HD1,0.01155,HC,H_,HD1,-1,L
577,LYN,HE1,-0.03358,HP,H_,HE1,-1,L
578,LYN,HG1,0.01041,HC,H_,HG1,-1,L
579,MET,HB1,0.0241,HC,H_,HB1,-1,L
580,MET,HG1,0.044,H1,H_,HG1,-1,L
581,PHE,HB1,0.0295,HC,H_,HB1,-1,L
582,PRO,HB1,0.0253,HC,H_,HB1,-1,L
583,PRO,HD1,0.0391,H1,H_,HD1,-1,L
584,PRO,HG1,0.0213,HC,H_,HG1,-1,L
585,SER,HB1,0.0352,H1,H_,HB1,-1,L
586,TRP,HB1,0.0339,HC,H_,HB1,-1,L
587,TYR,HB1,0.0295,HC,H_,HB1,-1,L
588,SOL,HW1,0.304923,HO,H_,HW1,-1,L
589,SOL,HW2,0.304923,HO,H_,HW2,-1,L
590,SOL,OW,-0.609846,OH,O_2,OW,-1,L
